code,name
005930,삼성전자
000660,SK하이닉스
068270,셀트리온
005490,POSCO
005380,현대차
207940,삼성바이오로직스
051910,LG화학
028260,삼성물산
105560,KB금융
035420,NAVER
015760,한국전력
051900,LG생활건강
055550,신한지주
012330,현대모비스
032830,삼성생명
096770,SK이노베이션
017670,SK텔레콤
034730,SK
090430,아모레퍼시픽
006400,삼성SDI
018260,삼성에스디에스
066570,LG전자
033780,KT&G
086790,하나금융지주
000270,기아차
003550,LG
251270,넷마블
010950,S-Oil
011170,롯데케미칼
000810,삼성화재
009150,삼성전기
000030,우리은행
002790,아모레G
024110,기업은행
035720,카카오
009540,현대중공업
036570,엔씨소프트
010130,고려아연
004020,현대제철
034220,LG디스플레이
030200,KT
000720,현대건설
021240,코웨이
004990,롯데지주
139480,이마트
023530,롯데쇼핑
035250,강원랜드
267250,현대중공업지주
006800,미래에셋대우
036460,한국가스공사
271560,오리온
018880,한온시스템
032640,LG유플러스
161390,한국타이어
097950,CJ제일제당
078930,GS
128940,한미약품
071050,한국금융지주
008770,호텔신라
088350,한화생명
086280,현대글로비스
004800,효성
010140,삼성중공업
005940,NH투자증권
047810,한국항공우주
001040,CJ
008930,한미사이언스
005830,DB손해보험
029780,삼성카드
004170,신세계
009830,한화케미칼
011070,LG이노텍
002380,KCC
012750,에스원
000120,CJ대한통운
006360,GS건설
282330,BGF리테일
016360,삼성증권
011780,금호석유
138930,BNK금융지주
241560,두산밥캣
007070,GS리테일
001450,현대해상
028050,삼성엔지니어링
003490,대한항공
007310,오뚜기
294870,HDC현대산업개발
003410,쌍용양회
017800,현대엘리베이
047050,포스코대우
000210,대림산업
000100,유한양행
042660,대우조선해양
064350,현대로템
028670,팬오션
069960,현대백화점
009240,한샘
006260,LS
047040,대우건설
000880,한화
026960,동서
010060,OCI
006280,녹십자
008560,메리츠종금증권
030000,제일기획
010120,LS산전
069620,대웅제약
004370,농심
042670,두산인프라코어
000150,두산
020150,일진머티리얼즈
034020,두산중공업
204320,만도
004000,롯데정밀화학
120110,코오롱인더
010620,현대미포조선
005250,녹십자홀딩스
071840,롯데하이마트
051600,한전KPS
192820,코스맥스
114090,GKL
006650,대한유화
000240,한국타이어월드와이드
161890,한국콜마
009420,한올바이오파마
012450,한화에어로스페이스
001800,오리온홀딩스
011790,SKC
003240,태광산업
005440,현대그린푸드
000670,영풍
003520,영진약품
111770,영원무역
000080,하이트진로
079160,CJ CGV
003000,부광약품
115390,락앤락
057050,현대홈쇼핑
011210,현대위아
005300,롯데칠성
214320,이노션
001740,SK네트웍스
069260,휴켐스
003300,한일시멘트
005610,SPC삼립
079550,LIG넥스원
192400,쿠쿠홀딩스
285130,SK케미칼
006840,AK홀딩스
052690,한전기술
002350,넥센타이어
103140,풍산
073240,금호타이어
049770,동원F&B
027410,BGF
000070,삼양홀딩스
001120,LG상사
185750,종근당
020000,한섬
001680,대상
014820,동원시스템즈
012630,HDC
001230,동국제강
093370,후성
010780,아이에스동서
002270,롯데푸드
145990,삼양사
093050,LF
025860,남해화학
000990,DB하이텍
014680,한솔케미칼
001430,세아베스틸
001060,JW중외제약
170900,동아에스티
007570,일양약품
006120,SK디스커버리
105630,한세실업
003620,쌍용차
019680,대교
005850,에스엘
108670,LG하우시스
000640,동아쏘시오홀딩스
005180,빙그레
002240,고려제강
096760,JW홀딩스
003030,세아제강
001520,동양
079430,현대리바트
036580,팜스코
060980,한라홀딩스
025540,한국단자
014830,유니드
033920,무학
003920,남양유업
064960,S&T모티브
004490,세방전지
002960,한국쉘석유
034120,SBS
003850,보령제약
008060,대덕전자
097230,한진중공업
